,Ticker,Date,Time,Headline
0,AAPL,Feb-22-23,06:07PM,Feb-22-23 06:07PMWhy Abbott Laboratories Stock Sank Today Motley Fool
1,AAPL,Feb-22-23,04:07PM,04:07PMPresident Biden upholds ITC ruling on Apple Watchs EKG patent battle Yahoo Finance Video
2,AAPL,Feb-22-23,04:04PM,04:04PMDexcom Slumps As A New Rival Reportedly Arrives On Scene: Apple Investor's Business Daily
3,AAPL,Feb-22-23,03:33PM,"03:33PMMicrosoft is bringing ChatGPT-powered Bing to your smartphone, challenging Google Yahoo Finance"
4,AAPL,Feb-22-23,02:31PM,"02:31PMSpruill's hot take: Incentivize Triangle startups  not Apple, Google and Amazon American City Business Journals"
5,AAPL,Feb-22-23,12:53PM,"
12:53PM
Loading…
"
6,AAPL,Feb-22-23,12:53PM,12:53PMApple Makes Major Progress on No-Prick Blood Glucose Tracking for Its Watch Bloomberg
7,AAPL,Feb-22-23,11:22AM,"11:22AMMicrosoft Brings ChatGPT-Powered Bing to Apple, Android Mobile Devices The Wall Street Journal"
8,AAPL,Feb-22-23,09:37AM,"09:37AMGot $5,000? These 2 Low-Risk Growth Stocks Also Pay Dividends Motley Fool"
9,AAPL,Feb-22-23,08:30AM,08:30AMApple TV+ growth has 'flat-lined' as users say service lacks value: UBS Yahoo Finance
10,AAPL,Feb-22-23,07:45AM,07:45AMA Bull Market Is Coming: 2 Big Reasons to Buy Amazon Stock Right Now Motley Fool
11,AAPL,Feb-21-23,08:30PM,Feb-21-23 08:30PMBiden admin declines to overrule trade court's import ban on Apple Watch Fox Business
12,AAPL,Feb-21-23,06:37PM,06:37PMWhy Apple Stock Tasted Sour on Tuesday Motley Fool
13,AAPL,Feb-21-23,04:02PM,"04:02PMApple TV+ reports stalling U.S. adoption, subscriptions Yahoo Finance Video"
14,AAPL,Feb-21-23,03:25PM,03:25PMUPDATE 2-Biden admin won't veto ITC's Apple Watch import ban ruling Reuters
15,AAPL,Feb-21-23,02:20PM,02:20PMBiden admin won't veto ITC's Apple Watch import ban ruling Reuters
16,AAPL,Feb-21-23,11:43AM,"
11:43AM
Loading…
"
17,AAPL,Feb-21-23,11:43AM,11:43AMIs Apple Still a Good Investment? GuruFocus.com
18,AAPL,Feb-21-23,11:37AM,11:37AMHackers Scored Data Center Logins for Some of the World's Biggest Companies Bloomberg
19,AAPL,Feb-21-23,10:00AM,10:00AMWarren Buffett's new 13F is out  and he's leaning on these 4 big holdings to fight white-hot inflation MoneyWise
20,AAPL,Feb-21-23,09:28AM,09:28AMDemocratic Rep. David Cicilline leaving Congress to head foundation MarketWatch
21,AAPL,Feb-21-23,06:05AM,06:05AMWarren Buffett Stocks: What's Inside Berkshire Hathaway's Portfolio? Investor's Business Daily
22,AAPL,Feb-21-23,06:00AM,06:00AMHow Apple captured Gen Z in the US  and changed their social circles Financial Times
23,AAPL,Feb-21-23,05:10AM,05:10AMThis Top Fintech Stock Is Just Too Cheap Motley Fool
24,AAPL,Feb-21-23,05:00AM,05:00AM20 Billion Reasons Alphabet's Moat Isn't as Big as It Seems Motley Fool
25,AAPL,Feb-20-23,06:17PM,Feb-20-23 06:17PMMark Zuckerberg's 2023 Resolution: Copying Elon Musk And Twitter TheStreet.com
26,AAPL,Feb-20-23,02:53PM,02:53PMMark Zuckerberg Makes a Puzzling Change TheStreet.com
27,AAPL,Feb-20-23,12:33PM,12:33PM5G Stocks To Buy And Watch As Cloud Computing Plays Bigger Role Investor's Business Daily
28,AAPL,Feb-20-23,12:31PM,12:31PMZuckerberg Makes Change That May Upset Facebook and Instagram Users TheStreet.com
29,AAPL,Feb-20-23,12:23PM,12:23PMZuckerberg Outlines Change That May Upset Facebook and Instagram Users TheStreet.com
30,AAPL,Feb-20-23,09:36AM,"09:36AMHave $1,000? These 2 Stocks Could Be Bargain Buys for 2023 and Beyond Motley Fool"
31,AAPL,Feb-20-23,06:26AM,06:26AMWhere Will Roku Stock Be in 1 Year? Motley Fool
32,AAPL,Feb-20-23,06:25AM,"
06:25AM
Loading…
"
33,AAPL,Feb-20-23,06:25AM,06:25AMApple iPhone Growth Could Lag Rivals for First Time Since 2019 Barrons.com
34,AAPL,Feb-20-23,05:05AM,05:05AMApple Shareholders Urged to Back Executives Pay Packages by ISS: Report Barrons.com
35,AAPL,Feb-19-23,03:13PM,Feb-19-23 03:13PMApple Watch faces potential import ban over patent dispute with Masimo Fox Business
36,AAPL,Feb-19-23,01:55PM,01:55PMShark Tank's Kevin O'Leary: ChatGPT is 'killing' Google's dominance Yahoo Finance
37,AAPL,Feb-19-23,01:21PM,01:21PMMeta to launch subscription service for Facebook and Instagram Financial Times
38,AAPL,Feb-19-23,10:13AM,10:13AMIs The Trade Desk Stock a Buy Now? Motley Fool
39,AAPL,Feb-19-23,09:38AM,09:38AM10 Best Performing Warren Buffett Stocks in 2023 Insider Monkey
40,AAPL,Feb-19-23,08:30AM,08:30AMHistoric Buying Opportunity: Why Alphabet Is a No-Brainer Stock Motley Fool
41,AAPL,Feb-19-23,08:15AM,08:15AM5 Top Stocks With Magnificent Share-Repurchase Track Records Motley Fool
42,AAPL,Feb-19-23,07:10AM,07:10AM76% of Warren Buffett's Berkshire Hathaway Portfolio Value Is in These 5 Stocks Motley Fool
43,AAPL,Feb-19-23,05:52AM,05:52AM75% of Warren Buffett's Portfolio Is Invested in 5 Stocks: Here's the 1 That's Made Him the Most Money Motley Fool
44,AAPL,Feb-18-23,01:35PM,Feb-18-23 01:35PMBest Stock to Buy: Amazon Stock vs. Alphabet Stock vs. Apple Stock Motley Fool
45,AAPL,Feb-18-23,01:03PM,01:03PMZebra Technology's Analysis Points to Improved Infrastructure Motley Fool
46,AAPL,Feb-18-23,12:57PM,"12:57PMISS urges Apple shareholders to vote for CEO Tim Cook, other execs' pay packages Reuters"
47,AAPL,Feb-18-23,12:54PM,"12:54PMISS urges Apple shareholders to vote for CEO Tim Cook, other execs' pay packages Reuters"
48,AAPL,Feb-18-23,10:39AM,10:39AMT-Mobile Gives Subscribers a Valuable Free Gift (Thanks Apple) TheStreet.com
49,AAPL,Feb-18-23,10:30AM,"10:30AMTarget, Amazon and 4 More Retailers That Will Reward You for Turning in Your Old Stuff GOBankingRates"
50,AAPL,Feb-18-23,09:10AM,09:10AMBetter Buy: Apple vs. Amazon Motley Fool
51,AAPL,Feb-18-23,08:31AM,"08:31AMTwilio's Layoffs, Spotify's Strategy, and Super Bowl Ads Motley Fool"
52,AAPL,Feb-17-23,06:21PM,Feb-17-23 06:21PMWeekly Roundup TheStreet.com
53,AAPL,Feb-17-23,05:57PM,05:57PMT-Mobile and Apple Offer Free Sports Service for Phone Subscribers TheStreet.com
54,AAPL,Feb-17-23,03:48PM,03:48PMInterview With David Rolfe of Wedgewood Partners Motley Fool
55,AAPL,Feb-17-23,09:00AM,09:00AMHere is What to Know Beyond Why Apple Inc. (AAPL) is a Trending Stock Zacks
56,AAPL,Feb-17-23,08:42AM,"08:42AMZacks Value Trader Highlights: Taiwan Semiconductor, Chevron, US Bancorp, Apple and Amazon Zacks"
57,AAPL,Feb-17-23,08:31AM,"08:31AMApples Cook and Amazons Jassy are among the most overpaid CEOs, study finds, but a media boss bested them with $232 million in excess pay Fortune"
58,AAPL,Feb-17-23,07:49AM,07:49AMT-Mobile and Apple Offer a Major Free Gift to Customers TheStreet.com
59,AAPL,Feb-17-23,06:30AM,06:30AM2 Warren Buffett Stocks to Buy Hand Over Fist and Hold for 30 Years or More Motley Fool
60,AAPL,Feb-17-23,06:01AM,06:01AMIs Apple (NASDAQ:AAPL) Using Too Much Debt? Simply Wall St.
61,AAPL,Feb-17-23,04:27AM,04:27AMUPDATE 2-Tech giants from Google to TikTok face tougher EU rules Reuters
62,AAPL,Feb-16-23,04:45PM,"Feb-16-23 04:45PMApple plans to weigh customer history for new buy now, pay later service Yahoo Finance Video"
63,AAPL,Feb-16-23,04:18PM,"04:18PMThese Stocks Are Moving the Most Today: Tesla, Shopify, TravelCenters, Roku, and More Barrons.com"
64,AAPL,Feb-16-23,02:38PM,02:38PMRetail investors are pouring a record $1.5 billion per day into the stock market Yahoo Finance
65,AAPL,Feb-16-23,02:07PM,02:07PMT-Mobile and Apple Team on a Huge Gift to Customers TheStreet.com
66,AAPL,Feb-16-23,01:13PM,"01:13PMStreaming wars: Key takeaways from Netflix, Apple, Paramount and Disney earnings Yahoo Finance Video"
67,AAPL,Feb-16-23,11:50AM,11:50AMU.S. DOJ ramps up antitrust investigation into Apple: Report Yahoo Finance Video
68,AAPL,Feb-16-23,10:15AM,"10:15AMUp Over 20% in 2023, Apple Is Still an Ultimate Bear Market Stock Motley Fool"
69,AAPL,Feb-16-23,08:07AM,08:07AMApple Vulnerable To DOJ's Broader Antitrust Probe Involving iOS Favoring Itself Benzinga
70,AAPL,Feb-16-23,08:04AM,"08:04AMZacks Market Edge Highlights: Robinhood, PayPal, Block, Apple and Chewy Zacks"
71,AAPL,Feb-16-23,07:23AM,07:23AMApples latest patent sparks speculation a foldable iPhone may be in the works Fortune
72,AAPL,Feb-16-23,03:12AM,03:12AMChatGPT fever and Japans rocket dreams Financial Times
73,AAPL,Feb-16-23,01:32AM,01:32AMPRESS DIGEST-Wall Street Journal - Feb 16 Reuters
74,AAPL,Feb-15-23,11:42PM,Feb-15-23 11:42PMApple reportedly delays launch of mixed-reality headset until June MarketWatch
75,AAPL,Feb-15-23,06:06PM,06:06PMElon Musk and Steve Jobs Agree on Challenging Convention TheStreet.com
76,AAPL,Feb-15-23,04:49PM,04:49PMElon Musk and Steve Jobs on the Key to Disruptive Tech Products TheStreet.com
77,AAPL,Feb-15-23,04:38PM,04:38PMElon Musk Agrees With Steve Jobs on the Key to Disruptive Products TheStreet.com
78,AAPL,Feb-15-23,04:23PM,04:23PMApple wants to move its manufacturing out of China Quartz
79,AAPL,Feb-15-23,04:04PM,04:04PMHouse Panel Issues Subpoenas to Tech CEOs for Information on Content Moderation The Wall Street Journal
80,AAPL,Feb-15-23,03:55PM,03:55PMApple Pushes Back Mixed-Reality Headset Debut Two Months to June Bloomberg
81,AAPL,Feb-15-23,03:29PM,03:29PMDOJ officials draft potential antitrust complaint against Apple Yahoo Finance Video
82,AAPL,Feb-15-23,03:18PM,"03:18PMU.S. Escalates Apple Probe, Looks to Involve Antitrust Chief The Wall Street Journal"
83,AAPL,Feb-15-23,02:49PM,"02:49PMAmazon, Apple, Meta CEOs subpoenaed by House Judiciary chairman MarketWatch"
84,AAPL,Feb-15-23,02:44PM,02:44PMGenZ and the Future of Investing Zacks
85,AAPL,Feb-15-23,02:27PM,02:27PMLook: Apple Just Filed a Patent for a Potentially Revolutionary New IPhone TheStreet.com
86,AAPL,Feb-15-23,01:08PM,01:08PMU.S. Justice Department escalates Apple probe - WSJ Reuters
87,AAPL,Feb-15-23,01:08PM,01:08PMTime to Take a Bite Out of Apple ETFs Following Warren Buffett? Zacks
88,AAPL,Feb-15-23,01:04PM,01:04PMUPDATE 2-U.S. Justice Department escalates Apple probe - WSJ Reuters
89,AAPL,Feb-15-23,12:53PM,12:53PMJustice Department edges closer to antitrust action vs. Apple: report MarketWatch
90,AAPL,Feb-15-23,12:41PM,"12:41PMMicrosoft and Google are in a Game of Thrones battle over A.I. but Apple and Amazon still have huge roles to play, according to Wedbush Fortune"
91,AAPL,Feb-15-23,11:23AM,"11:23AMWarren Buffetts Berkshire slashes TSMC holding, continues to build Apple stake Yahoo Finance"
92,AAPL,Feb-15-23,09:34AM,09:34AM13F: 3 of Buffett's Latest Moves Zacks
93,AAPL,Feb-15-23,07:59AM,07:59AMThis Non-FAANG Big Tech Stock Is a Buy for 2023 and Beyond Motley Fool
94,AAPL,Feb-15-23,07:49AM,07:49AMBerkshire Hathaway Didnt Buy More Occidental Petroleum Stockand More Filing Confusion Barrons.com
95,AAPL,Feb-15-23,06:18AM,06:18AMCan Shiba Inu Reach $1? Here's Why 589.6 Trillion Is the Key Number Motley Fool
96,AAPL,Feb-15-23,06:06AM,06:06AMApple Stock: Headed to $177? Motley Fool
97,AAPL,Feb-15-23,05:52AM,05:52AMWarren Buffett Just Bought 4 Stocks. Here's the Best of the Bunch. Motley Fool
98,AAPL,Feb-15-23,01:39AM,"01:39AMFedspeak, U.S. retail sales, U.K. inflation, Apple stake - what's moving markets Investing.com"
99,AAPL,Feb-15-23,12:27AM,12:27AMEuropes Big Tech trust buster Financial Times
100,AAPL,Feb-14-23,07:35PM,"Feb-14-23 07:35PMApple to Scrutinize Customer History for New Buy Now, Pay Later Service Bloomberg"
101,AAPL,Feb-14-23,05:55PM,"05:55PMBerkshire Hathaway Boosts Stake in Apple, Paramount Global in Relatively Quiet Quarter The Wall Street Journal"
102,AAPL,Feb-14-23,05:52PM,05:52PMBerkshire Didnt Buy More Occidental Petroleum and More Filing Confusion Barrons.com
